{
    "total_runtime": 0.31448888778686523,
    "num_documents": 1,
    "input_load_time": 0,
    "workflows": {
        "create_base_text_units": {
            "overall": 0.24175596237182617,
            "0_orderby": 0.0065381526947021484,
            "1_zip": 0.0025107860565185547,
            "2_aggregate_override": 0.006412982940673828,
            "3_chunk": 0.18849611282348633,
            "4_select": 0.003968000411987305,
            "5_unroll": 0.008282184600830078,
            "6_rename": 0.0022199153900146484,
            "7_genid": 0.005223751068115234,
            "8_unzip": 0.0030121803283691406,
            "9_copy": 0.0025599002838134766,
            "10_filter": 0.010731935501098633
        }
    }
}