{
    "total_runtime": 59.93611121177673,
    "num_documents": 1,
    "input_load_time": 0,
    "workflows": {
        "create_base_text_units": {
            "overall": 0.3305935859680176,
            "0_orderby": 0.0035114288330078125,
            "1_zip": 0.004157066345214844,
            "2_aggregate_override": 0.00652313232421875,
            "3_chunk": 0.2568345069885254,
            "4_select": 0.005207538604736328,
            "5_unroll": 0.006623506546020508,
            "6_rename": 0.0055141448974609375,
            "7_genid": 0.008119821548461914,
            "8_unzip": 0.006674766540527344,
            "9_copy": 0.006154298782348633,
            "10_filter": 0.018171310424804688
        },
        "create_base_extracted_entities": {
            "overall": 0.37087154388427734,
            "0_entity_extract": 0.28365659713745117,
            "1_merge_graphs": 0.07993412017822266
        },
        "create_summarized_entities": {
            "overall": 7.305848836898804,
            "0_summarize_descriptions": 7.297959089279175
        },
        "create_base_entity_graph": {
            "overall": 0.2452247142791748,
            "0_cluster_graph": 0.22675275802612305,
            "1_select": 0.009763956069946289
        },
        "create_final_entities": {
            "overall": 11.627703666687012,
            "0_unpack_graph": 0.06806015968322754,
            "1_rename": 0.0108184814453125,
            "2_select": 0.011005640029907227,
            "3_dedupe": 0.01158452033996582,
            "4_rename": 0.011346578598022461,
            "5_filter": 0.03321695327758789,
            "6_text_split": 0.02410125732421875,
            "7_drop": 0.012818574905395508,
            "8_merge": 0.14727449417114258,
            "9_text_embed": 11.226749658584595,
            "10_drop": 0.015122413635253906,
            "11_filter": 0.04559683799743652
        },
        "create_final_nodes": {
            "overall": 0.9101271629333496,
            "0_layout_graph": 0.2915341854095459,
            "1_unpack_graph": 0.31891679763793945,
            "2_unpack_graph": 0.08590054512023926,
            "3_drop": 0.016251802444458008,
            "4_filter": 0.050940513610839844,
            "5_select": 0.01674962043762207,
            "6_rename": 0.01685309410095215,
            "7_join": 0.02516937255859375,
            "8_convert": 0.05498838424682617,
            "9_rename": 0.018172264099121094
        },
        "create_final_communities": {
            "overall": 0.6059353351593018,
            "0_unpack_graph": 0.07888436317443848,
            "1_unpack_graph": 0.0768735408782959,
            "2_aggregate_override": 0.022375822067260742,
            "3_join": 0.02870798110961914,
            "4_join": 0.02834033966064453,
            "5_concat": 0.020477294921875,
            "6_filter": 0.12385082244873047,
            "7_aggregate_override": 0.027614831924438477,
            "8_join": 0.027741193771362305,
            "9_filter": 0.05519747734069824,
            "10_fill": 0.02221846580505371,
            "11_merge": 0.028462886810302734,
            "12_copy": 0.0227813720703125,
            "13_select": 0.023596525192260742
        },
        "join_text_units_to_entity_ids": {
            "overall": 0.13713717460632324,
            "0_select": 0.02417731285095215,
            "1_unroll": 0.06085991859436035,
            "2_aggregate_override": 0.028968334197998047
        },
        "create_final_relationships": {
            "overall": 0.4136388301849365,
            "0_unpack_graph": 0.0847327709197998,
            "1_filter": 0.07089996337890625,
            "2_rename": 0.026093006134033203,
            "3_filter": 0.06520962715148926,
            "4_drop": 0.02675485610961914,
            "5_compute_edge_combined_degree": 0.03190898895263672,
            "6_convert": 0.05500054359436035,
            "7_convert": 0.027991056442260742
        },
        "join_text_units_to_relationship_ids": {
            "overall": 0.15003442764282227,
            "0_select": 0.0288851261138916,
            "1_unroll": 0.03050851821899414,
            "2_aggregate_override": 0.032968759536743164,
            "3_select": 0.02971196174621582
        },
        "create_final_community_reports": {
            "overall": 32.63049006462097,
            "0_prepare_community_reports_nodes": 0.05080008506774902,
            "1_prepare_community_reports_edges": 0.039041757583618164,
            "2_restore_community_hierarchy": 0.039556264877319336,
            "3_prepare_community_reports": 0.19567537307739258,
            "4_create_community_reports": 32.23443150520325,
            "5_window": 0.04048562049865723
        },
        "create_final_text_units": {
            "overall": 0.33341455459594727,
            "0_select": 0.04782533645629883,
            "1_rename": 0.04508614540100098,
            "2_join": 0.05048370361328125,
            "3_join": 0.05413937568664551,
            "4_aggregate_override": 0.0456852912902832,
            "5_select": 0.05027365684509277
        },
        "create_base_documents": {
            "overall": 0.5239312648773193,
            "0_unroll": 0.04553985595703125,
            "1_select": 0.04569864273071289,
            "2_rename": 0.05352354049682617,
            "3_join": 0.0514378547668457,
            "4_aggregate_override": 0.04763984680175781,
            "5_join": 0.09831118583679199,
            "6_rename": 0.04584813117980957,
            "7_convert": 0.09338593482971191
        },
        "create_final_documents": {
            "overall": 0.08219766616821289,
            "0_rename": 0.03828835487365723
        }
    }
}